layer,refusal_rate_harmful,refusal_rate_harmless
11,0.1111111111111111,0.0
12,0.0,0.0
13,0.0,0.0
14,0.0,0.0
15,0.0,0.0
16,0.0,0.0
17,0.0,0.0
18,0.0,0.0
19,0.0,0.0
20,0.0,0.0
21,0.0,0.0
22,0.0,0.0
23,0.05555555555555555,0.0
24,0.0,0.0
25,0.05555555555555555,0.0
26,0.0,0.0
